{"ambassador": 0.7245195445967688, "guitarist": 0.7322586032959466, "mexican": 0.11497704921731067, "chinese": 0.020506521679737544, "german": 0.24315293568638996, "rabbi": 0.8570933017037405, "belarusian": -0.04073302751299546, "macedonian": -0.15353784403660065, "manager": 0.7478117578034563, "scientist": 0.25760867562875045, "cambodian": 0.35571098138567847, "senegalese": 0.39527935647044266, "polish": 0.5796729200507329, "economist": 0.15451414475230713, "mozambican": 0.3114994908655353, "cameroonian": -0.3775391380303621, "icelandic": 1.2158245298913344, "turkish": 0.5276266965230725, "romanian": 0.17042368765549043, "iraqi": -0.26465700994784414, "activist": 0.04481975937245186, "somali": -0.28277504979058454, "argentine": 0.784689039096862, "sniper": -0.4533933222516131, "merchant": -0.28545369343190896, "indonesian": 0.3205624362276094, "hungarian": 0.6093177883377031, "egyptian": 0.4726180747700521, "ceo": 0.5061334265715223, "azerbaijani": 0.03587300498287038, "psychologist": 0.11122601910060514, "moroccan": 0.6522062616840945, "judge": -0.861145580633695, "chiropractor": 0.4822189248979126, "teller": 0.2457063592501384, "algerian": 0.23075533019090505, "finnish": 0.785074998807826, "mathematician": 0.599922940515327, "malaysian": -0.19822777215399678, "weatherman": 0.9155544059569708, "angolan": 0.35939187827849167, "jordanian": -0.008101850352242645, "saudi": -0.12846887337122603, "serbian": -0.0700753618824208, "archaeologist": 1.0926208158954058, "namibian": 0.7079920958775764, "cheerleader": 0.5809141608358896, "portuguese": 0.2985499604831457, "attorney": -0.8860688568304282, "uruguayan": 0.38069889183817085, "czech": 0.602845869279116, "spanish": 0.5733398974051996, "taiwanese": 0.01497359402267906, "japanese": 0.4257180187998591, "nigerian": -0.32598205110151823, "lawyer": -0.967913168000883, "interpreter": 0.42938431317364445, "honduran": 0.26732277224265905, "nicaraguan": 0.27790269292340963, "israeli": -0.2219222980784208, "estonian": 0.33798607889244947, "singapore": 0.5018139553439981, "uzbekistani": -0.1920539449111749, "luxembourg": 0.7898655348843784, "violinist": 0.5625630921980322, "grocer": 0.1333416977552807, "indian": 0.7810256267348641, "dutch": 0.5434498610810976, "jamaican": 0.5945162528872326, "colombian": -0.20572480837180795, "juror": -0.9568209578624642, "belizean": 0.19206218024192379, "statistician": 0.42648110538302053, "new_zealand": 0.8639751799919325, "physicist": 0.3084120355390821, "french": 0.5188928982247379, "surfer": 0.769019457190073, "lieutenant": -0.08947687013577821, "bolivian": 0.24189439391088902, "armenian": 0.035770994844289916, "paraguayan": 0.43547445955765673, "ugandan": 0.4038155449394973, "cyclist": 0.32046281023415535, "chilean": 0.2683475699988568, "comptroller": 0.48024774116806557, "canadian": 0.3312988705507024, "albanian": -0.15076669549966315, "vietnamese": 0.130436037203083, "british": 0.055626515193183845, "american": 0.4125375723387368, "banker": 0.11533325975704434, "latvian": 0.2996528541839929, "senator": -0.08126056612931665, "secretary": 0.10646606304418649, "batswana": 0.2506253903931126, "libyan": 0.012430850653392334, "panamanian": 0.25754503772545606, "ethiopian": 0.3084541865682, "entrepreneur": 0.22351993003865056, "slovak": 0.5164315312216631, "congolese": -0.16442342687071565, "nepalese": -0.004520741600757772, "nutritionist": 0.75487625873685, "cosmetician": 0.38365572591782354, "entertainer": 0.4358832832691131, "afghan": 0.05362485456942756, "palestinian": -0.40270918044037307, "recruiter": 0.42058115251545697, "bangladeshi": -0.07225766299120473, "runner": 0.7358753079803312, "accountant": -0.10592748270557673, "sergeant": 0.01793567427787357, "brazilian": 0.8793873618438485, "australian": 0.4877346346585024, "pakistani": -0.5107093770195865, "belgian": 0.32626497201189064, "kazakhstani": 0.6924445658756497, "bulgarian": 0.06693027857589384, "bosnian": -0.15980975008417841, "georgian": 0.2629889508492068, "musician": 0.590906430039231, "illusionist": 0.39193806269657605, "greenlandic": 0.8700258849802742, "meteorologist": 0.449535700821036, "realter": 0.6860841556889749, "russian": -0.17786009511045053, "kyrgyzstani": 0.4541652108956674, "yugoslav": 0.12644221771123132, "haitian": 0.3514755801440371, "moldovan": 0.1317566273294749, "ghanaian": 0.7908955530580264, "lebanese": -0.49622465925120984, "venezuelan": 0.03657393002036535, "politician": -0.8177483764078914, "dominican": 0.5971680180906432, "iranian": -0.5267380723741013, "florist": 1.2150051029759765, "zimbabwean": -0.3718273017431796, "croatian": 0.2505633388483155, "baker": 1.0844683824490744, "anthropologist": 0.6643769515743798, "physiotherapist": 0.88260951992643, "irish": 0.46266126810270436, "performer": 0.8237472914864253, "cypriot": -0.02042166802528178, "juggler": 0.32483778750797965, "peruvian": 0.6893949660456651, "philippine": 0.4385767829533565, "zambian": 0.6919414125144498, "sudanese": -0.14970143398473978, "comedian": 0.4029197003744194, "yemeni": -0.06660937839411862, "dietician": 0.9344962896528661, "stockbroker": 0.0019255477363503415, "syrian": -0.29296889209599963, "swedish": 0.7314814837535596, "diplomat": 0.030905922476577308, "kuwaiti": 0.10165232399500612, "doctor": -0.04073333960256598, "sociologist": 0.2136042290308811, "veteran": 0.09005898717640215, "samoan": 0.495841740226985, "slovenian": 0.6066483709070042, "butcher": 0.36436896928559315, "drummer": 0.6301462126074757, "astronaut": 0.49619528432911847, "guatemalan": 0.10855555773582892, "rwandan": 0.18880426462121752, "mongolian": 0.8956842014397915, "korean": 0.10186631329595597, "pianist": 0.41516066058860673, "kenyan": 0.05547397621104033, "danish": 0.9118161338947143, "satirist": 0.16817743667894086, "tajikistani": -0.1705650512352027, "designer": 0.9512793082786898, "austrian": 0.3192602674764304, "ecuadorean": 0.24887091775830528, "ukrainian": 0.1602437895143093, "cashier": -0.40177579475633785, "lithuanian": 0.6093626112228407, "norwegian": 0.5786562181674689, "chemist": 0.05757137903619414, "congressman": -0.35791078500626716, "qatari": 0.368338620900669, "italian": 0.858591898889014, "cuban": 0.16298418238670143, "priest": 0.48835163606022264, "professor": 0.34615900291536084, "thai": 0.6160816543946216, "greek": 0.6233429889455827, "burmese": -0.22619058900067346, "swiss": 0.613479872265658, "businessman": -0.5160096200529591}
