{"ambassador": 0.8909966002853374, "guitarist": 0.25597386206971673, "mexican": 0.019219777921730907, "chinese": 1.1966461052829753, "german": 1.2633773780078346, "rabbi": 1.446491405875928, "belarusian": 0.36557922043108726, "macedonian": -0.01807304363676243, "manager": 1.7460501405943767, "scientist": 1.8494776573956928, "cambodian": 0.3767369585619494, "senegalese": -0.2809159397667331, "polish": 0.9220442854477698, "economist": 1.086721752654923, "mozambican": 0.24186466399456197, "cameroonian": -0.5461163900804178, "icelandic": 0.46684772772396205, "turkish": 0.8286576265392324, "romanian": 0.4901944093353249, "iraqi": 0.30069828836215295, "activist": 0.8061906424573948, "somali": -0.2042370173299879, "argentine": 0.055959292678526285, "sniper": 0.6825206056980031, "merchant": 1.5070825650541115, "indonesian": 0.5267546651563483, "hungarian": 0.7437028030741286, "egyptian": 0.9355659159920632, "ceo": 1.3488140017935635, "azerbaijani": 0.12342792574349659, "psychologist": 1.9625939476099465, "moroccan": 0.4118698269208537, "judge": 2.0741007031845697, "chiropractor": 2.004379218911159, "teller": 1.1078798014148752, "algerian": -0.09989619911276915, "finnish": 1.0269375048534277, "mathematician": 1.0840458826487833, "malaysian": 0.34173179973694223, "weatherman": -0.04144551647129424, "angolan": -0.030023980686840424, "jordanian": 0.5589589541255082, "saudi": 1.2323900792714295, "serbian": -0.04661815491603738, "archaeologist": 1.1006784448808375, "namibian": 0.1664031155344144, "cheerleader": 0.470061831918909, "portuguese": 0.9217545901478439, "attorney": 2.041621502739206, "uruguayan": -0.039891830414988116, "czech": 0.9049139489214961, "spanish": 1.2136680465657004, "taiwanese": 0.07330587592555915, "japanese": 1.1934503075592344, "nigerian": 0.3501637826341414, "lawyer": 1.7462728890439467, "interpreter": 2.2350398243176386, "honduran": 0.04664736084682841, "nicaraguan": 0.16773343771633104, "israeli": 1.0916676860791719, "estonian": 0.566955464112401, "singapore": 0.9539565672854022, "uzbekistani": 0.18937022763434808, "luxembourg": 0.8932078742588284, "violinist": 0.4150016227182991, "grocer": 0.042613002950756096, "indian": 1.008299852651334, "dutch": 1.0056636456384958, "jamaican": -0.3475713966675089, "colombian": -0.1505245680649967, "juror": 1.112357753376299, "belizean": -0.11383970694379064, "statistician": 1.090849059049495, "new_zealand": 0.9718791317431027, "physicist": 1.5725211505424923, "french": 0.5822604664000579, "surfer": 0.6312518895786079, "lieutenant": 0.8677946736384681, "bolivian": 0.016593208116474134, "armenian": 0.16410042614083858, "paraguayan": -0.2921925521700982, "ugandan": -0.19466410637248832, "cyclist": 0.7534612478828877, "chilean": 0.5282449444623443, "comptroller": 1.1203536281154665, "canadian": 0.9001538503702731, "albanian": -0.2512410866407848, "vietnamese": 0.5314413458508571, "british": 0.6694928769948085, "american": 0.7233794196521794, "banker": 1.2060741053503685, "latvian": 0.242323530555122, "senator": 0.7187286135330951, "secretary": 1.7294906685808442, "batswana": 0.12221857767391797, "libyan": 0.27101974901414727, "panamanian": 0.3528428619601298, "ethiopian": 0.21027809809124504, "entrepreneur": 1.1090923635635295, "slovak": 0.43894796582928897, "congolese": -0.5396978105775734, "nepalese": 0.3574055108526, "nutritionist": 2.1248938635587087, "cosmetician": 0.42152327930004996, "entertainer": 0.015024222449968816, "afghan": 0.5439253231511483, "palestinian": 0.5814266506844381, "recruiter": 1.5728435031537822, "bangladeshi": 0.08153795319392954, "runner": 0.776121582803006, "accountant": 1.602921296456477, "sergeant": 0.7449393357928398, "brazilian": 0.5284766567569529, "australian": 1.1424591150268881, "pakistani": 0.2995276593047634, "belgian": 0.7243122760016918, "kazakhstani": -0.02664490664385255, "bulgarian": 0.7976271620977015, "bosnian": -0.07936712664779011, "georgian": 0.012081076286980963, "musician": 0.4665597083903167, "illusionist": 0.48497397719308727, "greenlandic": -0.09319549121648008, "meteorologist": 0.498795217882402, "realter": 0.47648266648292215, "russian": 1.0436110254093496, "kyrgyzstani": 0.29618703744765895, "yugoslav": -0.34206821486268424, "haitian": -0.07091352291493158, "moldovan": 0.15172384887575463, "ghanaian": 0.07757665648779821, "lebanese": -0.04760309925904327, "venezuelan": 0.15653888073395222, "politician": 0.5049468719493294, "dominican": 0.35519749124542965, "iranian": 0.7584990707127851, "florist": 0.5289025807768302, "zimbabwean": -0.21536388269207907, "croatian": 0.39963458794949325, "baker": 0.9057480923554139, "anthropologist": 1.103298248996477, "physiotherapist": 1.3935841236847186, "irish": 0.5178748844475378, "performer": 0.38957437206215073, "cypriot": 0.2168676214976506, "juggler": 0.47191973485353456, "peruvian": 0.8528952314696289, "philippine": 0.8486522068351319, "zambian": 0.06805125918516641, "sudanese": 0.21602916530630528, "comedian": -0.22072655081635773, "yemeni": 0.2065710539467549, "dietician": 1.5958592980663866, "stockbroker": 0.9508829880086905, "syrian": 0.27790381014997007, "swedish": 0.7635100885685385, "diplomat": 0.6838427829721643, "kuwaiti": 0.37709691933613765, "doctor": 2.302380282192482, "sociologist": 0.8261548909312395, "veteran": 0.5089843389542438, "samoan": -0.3563940504764169, "slovenian": 0.3852985177132333, "butcher": 0.5759291603453522, "drummer": 0.1801582527744625, "astronaut": 1.4721990366219504, "guatemalan": 0.18835641443084195, "rwandan": -0.10720549309410599, "mongolian": 0.3158037243672159, "korean": 0.4698401470635388, "pianist": 0.5757331517165791, "kenyan": 0.04850316339714078, "danish": 0.6441148844457896, "satirist": 0.04570326958254589, "tajikistani": 0.7313383955206723, "designer": 1.277801541996847, "austrian": 0.793057027248318, "ecuadorean": -0.4181518369674804, "ukrainian": 0.5065591910790352, "cashier": 1.2950200590984764, "lithuanian": 0.36968382589538584, "norwegian": 0.8497428779758397, "chemist": 1.6708168508208463, "congressman": 0.37828678136642935, "qatari": 0.6296452572859639, "italian": 0.6923368621727126, "cuban": 0.40951179554457307, "priest": 1.2779088749350445, "professor": 1.4843331922194962, "thai": 0.9162804103107441, "greek": 0.6613369458824641, "burmese": 0.7477184423358204, "swiss": 0.8766470824679105, "businessman": 0.6544053866425835}
