{"ambassador": 0.25952088085937736, "guitarist": 0.6121123851226837, "mexican": 1.1192454779180838, "chinese": -0.3108746813040902, "german": 0.19666695958706243, "rabbi": 0.11766936561713576, "belarusian": -0.42597396549858885, "macedonian": -0.7632376937299441, "manager": 0.4689337391322403, "scientist": -0.11773248858269297, "cambodian": -0.8187052710948961, "senegalese": 0.19365706560566898, "polish": 0.4928088333127653, "economist": 0.23500876125759512, "mozambican": -0.6084972276675986, "cameroonian": 0.02361079513260933, "icelandic": -0.06394260243960731, "turkish": 0.03633239953860462, "romanian": 0.22874327621393714, "iraqi": -0.6002668696014302, "activist": 0.8056878070760711, "somali": -0.5312364716300684, "argentine": 0.5369332521095649, "sniper": -0.18312211622947877, "merchant": -0.1491673662338882, "indonesian": 0.03556150168166233, "hungarian": 0.21866758967318706, "egyptian": 1.1425377847772966, "ceo": 0.5710187349513889, "azerbaijani": -0.5695028381892154, "psychologist": -0.13224732024978142, "moroccan": 0.4274460394212591, "judge": 0.35306575038156834, "chiropractor": 0.5452859489637771, "teller": 0.976732307596518, "algerian": 0.04797160303509576, "finnish": -0.11344530689772708, "mathematician": -0.37613343324557597, "malaysian": -0.31729279504345126, "weatherman": -0.38661649287421557, "angolan": -0.28407494110285336, "jordanian": -0.8401672591887519, "saudi": -0.13870181669992793, "serbian": -0.12938475208091554, "archaeologist": 0.06567523602696018, "namibian": -0.19026991284852723, "cheerleader": 0.5597637450507826, "portuguese": 0.543569620770435, "attorney": 0.6063671956724881, "uruguayan": 0.4862933840070453, "czech": 0.6094833578955952, "spanish": 0.5701892739410988, "taiwanese": -0.7389857606439496, "japanese": -0.28527626451746607, "nigerian": 0.11622890813061676, "lawyer": 0.7882670025453411, "interpreter": -0.1973148787536037, "honduran": -0.43475042966430066, "nicaraguan": 0.2978638815232525, "israeli": 0.03206403950799158, "estonian": -0.059268598735665645, "singapore": -0.37912410287762804, "uzbekistani": 0.08512144102611036, "luxembourg": 0.40526168694385273, "violinist": 0.13989863688581677, "grocer": 0.32618669199546807, "indian": 1.0301780524764943, "dutch": 0.071350872500403, "jamaican": 0.707450979626993, "colombian": 0.5303882206019341, "juror": 0.23173218222744402, "belizean": -0.4955458624588655, "statistician": -0.7708525487204134, "new_zealand": 0.1856192648847957, "physicist": -0.12103991943555409, "french": 0.7122548210201456, "surfer": 1.0604571049260667, "lieutenant": 0.6838056506866674, "bolivian": 0.0745046481740444, "armenian": -0.017662900961834593, "paraguayan": 0.2287354494368064, "ugandan": -0.7183184300235896, "cyclist": 0.85675532334087, "chilean": 0.45561604860111576, "comptroller": -0.3925567960957984, "canadian": 0.20109345235692938, "albanian": -0.48332957970468643, "vietnamese": -0.3646549042805705, "british": -0.02961942310843152, "american": 1.023644660303673, "banker": -0.6452781644178949, "latvian": -0.1531355860915274, "senator": 0.9151974688307412, "secretary": 0.2320328181695132, "batswana": -0.3293635451982868, "libyan": -0.1172789004186588, "panamanian": -0.4318337845358799, "ethiopian": 0.4076112413315944, "entrepreneur": 0.4285483049901068, "slovak": -0.36979643145293745, "congolese": -0.558463793480792, "nepalese": -0.5784637460610516, "nutritionist": -0.13503306727964343, "cosmetician": 0.028981858934904736, "entertainer": 1.8073050460752385, "afghan": -0.976145058733682, "palestinian": -0.6111423526983506, "recruiter": -0.3087997448181575, "bangladeshi": -0.7082916408852051, "runner": 0.9815799126271525, "accountant": 0.42364883127409675, "sergeant": 0.05851217458020447, "brazilian": 1.095778528032609, "australian": 0.8110599435507744, "pakistani": 0.009857444346749122, "belgian": 0.7038165905035578, "kazakhstani": -1.1680304999717788, "bulgarian": -0.38118588341454945, "bosnian": 0.2901798533819559, "georgian": -0.28136455826442514, "musician": 1.0681867688458613, "illusionist": -0.3618940177230311, "greenlandic": -1.495639740248787, "meteorologist": -0.02502862848427495, "realter": 0.5727709368884095, "russian": 0.22224450443894622, "kyrgyzstani": -0.5916914375945426, "yugoslav": -0.39339246120620186, "haitian": -0.12053366737222643, "moldovan": -0.756226406824035, "ghanaian": 0.35718372050328423, "lebanese": -0.030812063085707997, "venezuelan": 0.49304179119715136, "politician": 0.5852210534392717, "dominican": 0.40645761522301743, "iranian": 0.40771113900793005, "florist": -0.27631560409002526, "zimbabwean": -0.23403758554736337, "croatian": -0.017163642391643308, "baker": 0.4369005845886797, "anthropologist": 0.13829195958064672, "physiotherapist": -0.25050853972980264, "irish": 1.6480757026086101, "performer": 1.0504684854972337, "cypriot": -0.6009875227709853, "juggler": 0.9857869867534945, "peruvian": 0.32155902366948447, "philippine": 0.05892393708922444, "zambian": 0.17989699043732366, "sudanese": -0.324794211950494, "comedian": 2.4314116286383163, "yemeni": -0.26932655073629674, "dietician": -0.0537478490490762, "stockbroker": -0.3851665553634214, "syrian": -0.30318627819708693, "swedish": -0.03490946460003547, "diplomat": -0.030718300478511706, "kuwaiti": -0.2338689099312369, "doctor": 0.5915384296893742, "sociologist": -0.5868490881018447, "veteran": 0.8246533116977348, "samoan": 0.15410492374949974, "slovenian": -0.15738999781088076, "butcher": -0.6190752667736645, "drummer": 0.5753301474952572, "astronaut": -0.12500009056154354, "guatemalan": -0.545505927726802, "rwandan": -0.7206467872623308, "mongolian": 0.09220174871304815, "korean": -0.31739337954705454, "pianist": 0.23541150777443492, "kenyan": -0.128677214915552, "danish": -0.3340246151432112, "satirist": 0.7888041247045843, "tajikistani": -0.8135551851706557, "designer": 1.2930282205527928, "austrian": 0.5892482681606275, "ecuadorean": -0.04661131946647876, "ukrainian": 0.16169626500707185, "cashier": 0.2044000822388356, "lithuanian": -0.17678859303133737, "norwegian": -0.3413183275975911, "chemist": -1.0189915745249656, "congressman": 0.7384768144069573, "qatari": -0.6152432335453673, "italian": 1.1394485415227833, "cuban": 1.2027247757976482, "priest": -0.09625170981097703, "professor": 0.05283045329224384, "thai": -0.6316918438338088, "greek": 0.26821592232521624, "burmese": -1.1519000922930813, "swiss": 0.3356288708136285, "businessman": 0.5104567076000721}
