{"ambassador": 0.09154230019186152, "guitarist": -0.2595074777476899, "mexican": -0.12717665334554215, "chinese": 0.374784046920025, "german": -0.2805640861695222, "rabbi": -0.31738518356711953, "belarusian": -0.0432843443143591, "macedonian": 0.23344853985280986, "weatherman": -0.5041346504184437, "scientist": 0.13986012710219983, "cambodian": -0.040606240321889225, "senegalese": -0.009593033402129664, "polish": 0.11098664256764576, "economist": -0.5336630859200899, "mozambican": -0.1368198342283784, "cameroonian": 0.10517162371787933, "icelandic": -0.6004686213918744, "turkish": 0.09764338048480567, "romanian": -0.09607215224537166, "iraqi": 1.140981177724561, "activist": 0.40587963843157115, "somali": 0.5606157467859908, "argentine": -0.22546778366788875, "sniper": 0.36020281643011154, "merchant": -0.23234352131005198, "indonesian": 0.25578787472933173, "hungarian": -0.26204976540160874, "egyptian": -0.34878443428032324, "ceo": -0.6357354950532966, "azerbaijani": 0.026676862489232483, "psychologist": -0.3518065739467455, "moroccan": -0.08922981773687405, "judge": 0.34105000077434156, "chiropractor": -0.6466876920638527, "teller": -0.06210348179848266, "algerian": 0.6192141219669696, "finnish": -0.42465404755061464, "mathematician": -0.019275692146912077, "malaysian": 0.36949452886283485, "manager": -0.307981062711825, "angolan": 0.014621630359477666, "jordanian": 0.20715065858771284, "saudi": 0.6234030173203331, "serbian": 0.40975960368879605, "archaeologist": -0.14427764809494317, "namibian": -0.10889937935261786, "cheerleader": -0.29636118256723, "portuguese": -0.20401455871109564, "attorney": 0.13000539223374327, "uruguayan": -0.3258397969318815, "czech": -0.3304777702191173, "spanish": -0.2460841142356948, "taiwanese": 0.2440029576984528, "japanese": -0.19331929380716487, "nigerian": 0.4986769400290192, "lawyer": 0.35508407406418396, "interpreter": 0.03249063998769172, "honduran": -0.40441206928401874, "nicaraguan": -0.30098185356060597, "israeli": 0.7467345639944064, "estonian": -0.1466097899817494, "singapore": 0.07314626737731286, "uzbekistani": -0.02814827743912962, "luxembourg": -0.6609795816751276, "violinist": -0.05006536833164735, "grocer": -0.1241513283070147, "indian": 0.024485751642266212, "dutch": -0.4815091663088994, "jamaican": -0.05943936990640364, "colombian": 0.01272284413347255, "juror": 0.3805642385824507, "belizean": -0.2015986669680994, "statistician": -0.3680861723049809, "new_zealand": -0.6102365159808719, "physicist": -0.03156199420476735, "french": -0.36619652282496473, "surfer": 0.08304259855325816, "lieutenant": -0.2282551422590011, "bolivian": -0.15170053720938478, "armenian": -0.07011532917840815, "paraguayan": -0.23456240150346686, "ugandan": -0.03666234954464079, "cyclist": -0.14884211404492534, "chilean": -0.0793528377871299, "comptroller": -0.379322288050694, "canadian": -0.36053275709461385, "albanian": 0.41037720878561035, "vietnamese": 0.26577834579537574, "british": -0.48114925173674294, "american": -0.1816718217162455, "banker": -0.40786065024607254, "latvian": -0.082120388470826, "congressman": 0.35976203599784196, "secretary": 0.12906844884553534, "batswana": -0.28909463181540535, "libyan": 0.9698827759428108, "panamanian": 0.2553445120560083, "ethiopian": -0.10316878668506349, "entrepreneur": 0.4620269411014457, "slovak": -0.39390052196971825, "congolese": 0.3934351952906553, "nepalese": -0.1526263395773286, "nutritionist": -0.5106733287260968, "cosmetician": -0.7309917045038012, "entertainer": -0.14235415114876615, "afghan": 0.7785303470113687, "palestinian": 0.938846323799831, "recruiter": -0.025100646756921224, "bangladeshi": 0.3272023981874128, "runner": -0.022018327539681887, "accountant": -0.25023332394207376, "sergeant": -0.2891099726504017, "brazilian": -0.24393723106260562, "australian": -0.45699215577496444, "pakistani": 0.6720418044016728, "belgian": -0.8196995209625987, "kazakhstani": -0.3293238623758806, "bulgarian": -0.014797308419118554, "bosnian": 0.550564841814933, "georgian": -0.4165953555435895, "musician": 0.014832686818406798, "illusionist": -0.09415860630496545, "greenlandic": -0.22386560585972495, "meteorologist": -0.4169477112833801, "realter": -0.2029204066356085, "russian": 0.2156998866333111, "kyrgyzstani": 0.04623118100229637, "yugoslav": 0.5369717243106187, "haitian": 0.4431235368609917, "moldovan": -0.17253853720773932, "ghanaian": -0.11118688903782008, "lebanese": 0.5667813035887141, "venezuelan": 0.13508885629499248, "politician": 0.5118671404523936, "dominican": -0.3640360538384739, "iranian": 0.9889241642448459, "florist": -0.4421850781321143, "zimbabwean": 0.007243120270300107, "croatian": 0.05874853999519705, "professor": -0.06331407282009163, "anthropologist": 0.023981069801109284, "physiotherapist": -0.42048828659760995, "irish": -0.5449297829917094, "performer": -0.044214772316086365, "cypriot": -0.20708610935760688, "juggler": -0.08956486049110807, "peruvian": -0.6050047625970474, "philippine": 0.01325960041572452, "zambian": -0.5166788483748116, "sudanese": 0.44839277034338654, "comedian": -0.11720417095293208, "yemeni": 0.34000670987211457, "dietician": -0.6703110911912106, "stockbroker": -0.1206150175944854, "syrian": 0.7732479886391379, "swedish": -0.5119875767971289, "diplomat": -0.09692235640696645, "kuwaiti": 0.5254775586575815, "doctor": -0.09046042682907077, "sociologist": -0.1592777993033733, "veteran": 0.026583673407648528, "samoan": -0.10388694650955484, "slovenian": -0.15011142840654995, "butcher": -0.6858970727613245, "drummer": -0.22128199723703781, "astronaut": -0.40183625028015457, "guatemalan": -0.023386137161060944, "rwandan": 0.14074989317027456, "mongolian": -0.26905258341502625, "korean": 0.30560306465732423, "pianist": -0.18403840122073156, "kenyan": 0.42933984739934417, "danish": -0.28559171282672235, "satirist": -0.43831307167360867, "tajikistani": -0.43445041635534687, "designer": -0.2939492603019924, "austrian": -0.35809216952945944, "ecuadorean": 0.13601340302932943, "ukrainian": -0.016799197164157897, "cashier": 0.010227489948772567, "lithuanian": -0.10598843500475774, "norwegian": -0.43822682832069804, "chemist": -0.181406844583614, "senator": 0.28200843351276217, "qatari": 0.2437347996720092, "italian": -0.3839555048461966, "cuban": 0.08571618734969275, "priest": -0.11746997684845065, "baker": -0.7868701964726935, "thai": -0.239342622511551, "greek": -0.3674216517695207, "burmese": 0.06982091253843661, "swiss": -0.546131151344232, "businessman": 0.1770087002986301}
