{"ambassador": 0.7463278813757929, "guitarist": 0.8952180085262558, "mexican": 0.5563728351030961, "chinese": 0.5933440696842089, "german": 0.809903985291676, "rabbi": -0.04653340925093591, "belarusian": -0.14064740685940474, "macedonian": -0.3841222390246462, "manager": 0.5064294735584167, "scientist": 0.7513541992617719, "cambodian": 0.25188489481918364, "senegalese": 0.5616953645016195, "polish": -0.02481996945941778, "economist": 0.24694049556832362, "mozambican": -0.11985075828195957, "cameroonian": 0.556762329949203, "icelandic": 0.352079809065628, "turkish": 0.4736971004383197, "romanian": -0.1315504373047798, "iraqi": -0.7296231479081479, "activist": 0.8200464814367756, "somali": -0.3475783657478801, "argentine": 0.23229768912307175, "sniper": -0.9712223179426192, "merchant": -0.6755887559826937, "indonesian": 0.5084843029534132, "hungarian": -0.10215693578620072, "egyptian": 0.6268885345850095, "ceo": 0.7042626349291136, "azerbaijani": 0.606793610624999, "psychologist": 0.997016802389303, "moroccan": 1.2952721683620414, "judge": -0.6464706782083378, "chiropractor": -0.4422106687798151, "teller": -0.2352848644618004, "algerian": -0.2606754820924974, "finnish": 0.2681268623668851, "mathematician": -0.03851941617457855, "malaysian": 0.35706795349597786, "weatherman": -1.1060485067977655, "angolan": -0.45619220344074507, "jordanian": -0.05299303908854633, "saudi": -0.7625876142041755, "serbian": -0.4088932673842085, "archaeologist": 0.7748378076359799, "namibian": 0.4024974932484252, "cheerleader": 0.014256856891981473, "portuguese": 0.5275612764176456, "attorney": -0.25596934412389527, "uruguayan": 0.3625414011836257, "czech": 0.13136061528147158, "spanish": 0.43325925300264967, "taiwanese": -0.27355930391759686, "japanese": 0.6669893446047166, "nigerian": -0.11545206249974038, "lawyer": -0.6147868421890165, "interpreter": 0.05097283252309798, "honduran": -0.6716224452598998, "nicaraguan": -0.2776739708803041, "israeli": 0.029601809898003734, "estonian": -0.1684633906014592, "singapore": 0.46097548275539496, "uzbekistani": 0.007684518580654109, "luxembourg": -0.35906080625721803, "violinist": 0.9765027264432513, "grocer": 0.4337950604333909, "indian": 0.5630704029207176, "dutch": 1.029006232284829, "jamaican": 0.4936859732657234, "colombian": 0.6695503246496463, "juror": -0.43413635511869386, "belizean": -0.4049046382587036, "statistician": -1.3636462432221164, "new_zealand": 0.4492574035682664, "physicist": 0.39665491230711547, "french": 1.027418421632003, "surfer": 0.23918412724269233, "lieutenant": -0.5317238859892266, "bolivian": -0.17281389830802646, "armenian": -0.14462642165996387, "paraguayan": -0.38499355161642024, "ugandan": -0.02653312880653813, "cyclist": -0.39477784012365724, "chilean": 0.7237022171744985, "comptroller": -0.5702635515716274, "canadian": -0.0036073562881028115, "albanian": -0.490743898447794, "vietnamese": 0.5838810558548487, "british": 0.34609857340206374, "american": -0.273185500114144, "banker": -0.22011451359709894, "latvian": -0.08307757529225299, "senator": -0.44922118765535013, "secretary": -0.2467009526674691, "batswana": -0.22985635074045163, "libyan": -0.6987347333715803, "panamanian": 0.2979196005242425, "ethiopian": 0.1451823691795528, "entrepreneur": 1.277134310782233, "slovak": -0.5098275445029574, "congolese": -0.3656904978681503, "nepalese": 0.3711317921099308, "nutritionist": 0.7515037118530193, "cosmetician": -0.11157838635129436, "entertainer": 2.365704477029855, "afghan": -0.33217868478803436, "palestinian": 0.31787301762393116, "recruiter": -0.30731192643353233, "bangladeshi": -0.4267290214953072, "runner": 0.2114400821446463, "accountant": -0.8026644533694142, "sergeant": -0.4946628167236423, "brazilian": 0.6890825964729074, "australian": 0.9074810231156609, "pakistani": -0.07494831094178955, "belgian": 1.0628174847535943, "kazakhstani": -0.252637855064475, "bulgarian": -0.34792126389684963, "bosnian": -0.28115018003401615, "georgian": 0.2653251562122745, "musician": 1.4625922615747937, "illusionist": 0.327977778902844, "greenlandic": 0.3697470697525168, "meteorologist": -0.4612056171549337, "realter": -0.4428996144480075, "russian": -0.17878103225653152, "kyrgyzstani": 0.37516305943243344, "yugoslav": -0.49905125893680435, "haitian": 0.07757582464906904, "moldovan": -0.7588250103965026, "ghanaian": 0.4987483522986871, "lebanese": -0.6478368663870835, "venezuelan": -0.285621405033209, "politician": -0.3692743238480922, "dominican": -0.27588282299574807, "iranian": -0.21581340818472639, "florist": 1.228092785757429, "zimbabwean": -0.24272532154739102, "croatian": 0.19980309046131495, "baker": 1.1960417810876554, "anthropologist": 0.4368725901113303, "physiotherapist": -0.5821395248299794, "irish": 0.5109820569889667, "performer": 2.00747930382589, "cypriot": 0.4384221557951399, "juggler": 1.1191453279606336, "peruvian": 1.2060236104247473, "philippine": 0.30985325312044787, "zambian": 0.4593763149612724, "sudanese": -0.9439123398975315, "comedian": 0.7921485396627691, "yemeni": -0.8127376972058213, "dietician": 0.23065902680897038, "stockbroker": -1.377074641521241, "syrian": -0.7415206515783477, "swedish": 0.8747625826900236, "diplomat": -0.1678453272686377, "kuwaiti": -0.11925796168338593, "doctor": 0.026778606570768526, "sociologist": -0.14260192010582062, "veteran": 0.22645627207878438, "samoan": 0.7080474461986778, "slovenian": -0.25897307883115406, "butcher": 0.2054030609857016, "drummer": 0.6144802655117847, "astronaut": 0.39608640695059283, "guatemalan": 0.5185930154415619, "rwandan": 0.31186083920619256, "mongolian": 0.11333436910045075, "korean": -0.2270296517124687, "pianist": 1.0628816667221757, "kenyan": -0.09059059134192976, "danish": 1.3125906369693687, "satirist": 0.9184617432510803, "tajikistani": -0.08212888291627998, "designer": 1.5653362259803503, "austrian": 1.1135867241137432, "ecuadorean": -0.011722328068202503, "ukrainian": 0.025114164320275467, "cashier": -0.9589113610125455, "lithuanian": -0.1831371881909275, "norwegian": 1.1541299914896148, "chemist": 0.04637130672529399, "congressman": -0.7837410936882745, "qatari": -0.41143270888808403, "italian": 1.1651506864781418, "cuban": 0.236434890050277, "priest": -0.8462370465384966, "professor": 0.795268442079336, "thai": 0.711447694246479, "greek": 0.7974598014085865, "burmese": -0.13426754640255562, "swiss": 0.25338789809376866, "businessman": -0.5904947065549363}
