{"ambassador": 0.4596829124202808, "guitarist": 1.0735182565380759, "mexican": 0.3348481182384557, "chinese": 0.25654119772138384, "german": -0.11541342517692321, "rabbi": 0.46236428546485586, "belarusian": 0.563170004042322, "macedonian": 0.2609692040112894, "manager": 0.5844474530103136, "scientist": 0.6981427267802025, "cambodian": 0.136675880898524, "senegalese": 0.25258624324975476, "polish": 0.3830264566481556, "economist": 0.38817354551746, "mozambican": 0.2815569279995589, "cameroonian": 0.14998479867227155, "prime_minister": -0.1760018280617759, "turkish": -0.2869480169334899, "romanian": -0.015390652519272852, "iraqi": -0.5132932530260892, "activist": -0.18344760565397644, "somali": -0.12132930406622089, "astronaut": 0.5439511486820914, "probation_officer": -1.2515094852407869, "movie_star": 0.793382138672726, "argentine": 0.18816690252367496, "sniper": -1.5147667734778951, "merchant": 0.3602284018991656, "tennis_coach": 0.6980441946326514, "professional_dancer": 1.0040365319928324, "egyptian": 0.22407997634219345, "ceo": -0.04053813584600752, "azerbaijani": 0.1390119929050213, "psychologist": 0.17219762779017977, "moroccan": 0.4408226624234928, "judge": -0.7961726050257282, "chiropractor": 0.27975882407879427, "art_dealer": 0.9948758602644197, "teller": 0.46465468850001623, "financial_analyst": 0.2105945507843887, "algerian": -0.009768005238101951, "finnish": 0.7424259177254097, "defense_lawyer": -1.104637051953509, "mathematician": 0.585309200028225, "malaysian": 0.4357658290171853, "weatherman": 0.4867280062990307, "angolan": 0.08235127450689306, "jordanian": -0.02489039347997113, "indonesian": 0.1896014170116862, "saudi": -0.14949889456591658, "serbian": -0.05490115463431544, "archaeologist": 0.7192382019295253, "puerto_rican": 0.4151958997103493, "namibian": 0.4180172463293266, "portuguese": 0.4172448672321867, "attorney": -0.6616235684385674, "uruguayan": 0.14580159069128196, "czech": 0.3919540993836541, "nepalese": 0.19435624283894692, "taiwanese": 0.6030088751415665, "japanese": 0.007496948052562846, "nigerian": 0.2979429091890411, "lawyer": -0.44170785223142883, "interpreter": 0.04013745550771064, "honduran": 0.01187506579592923, "nicaraguan": 0.18618991797809747, "football_coach": 0.7260321185567253, "estonian": 0.49796420681638986, "dry_cleaner": 1.2493042274994637, "singapore": 0.4460741201855183, "north_korean": -0.07644755962830607, "luxembourg": 0.13474402431657062, "violinist": 1.1096156454013066, "grocer": 0.5044102071760159, "indian": 0.24385683898909138, "investment_banker": -0.08317053509811156, "dutch": 0.019433569621158497, "jamaican": 0.6431839155029084, "colombian": -0.029247508862240146, "juror": -0.5187636298107561, "private_investigator": -0.30375244129808987, "statistician": 0.5873758973340012, "new_zealand": 0.6766117392903452, "physicist": 0.559618042187824, "french": 0.3652494152230362, "surfer": 1.003538822330963, "lieutenant": -0.24728638521591262, "bolivian": 0.3073991743919928, "icelandic": 0.6736831942585746, "armenian": 0.19269353749273432, "paraguayan": 0.38661854688112096, "ugandan": -0.2599749807143661, "cyclist": -0.5166675339263949, "chilean": 0.5138277691678494, "comptroller": 0.43863051020104005, "canadian": 0.39154728299653585, "albanian": -0.04703228431819917, "vietnamese": -0.048000448653916505, "british": -0.046685039828113783, "drug_dealer": -1.2648830418074528, "american": 0.5015281372772422, "banker": 0.13567896247270017, "latvian": 0.5089537061166758, "senator": 0.18497692055738368, "secretary": 0.5598575692486141, "rock_star": 0.4164350218404598, "libyan": -0.2419083065141121, "panamanian": 0.3021453526705906, "ethiopian": -0.185536603253998, "spanish": 0.03688343005713657, "entrepreneur": 0.6998910938764307, "slovak": 0.345967913313292, "congolese": -0.2773819619517437, "cheerleader": 0.26492294327256216, "nutritionist": 0.9903362040424253, "south_korean": 0.1242841869286575, "entertainer": 0.7968936792271093, "afghan": -0.36623753409910287, "palestinian": -0.24833740381426672, "recruiter": 0.33776107588591975, "bangladeshi": 0.4337338261376249, "runner": -0.19683771367128822, "accountant": -0.32106595468618204, "sergeant": -0.46002032643162505, "brazilian": 0.4463900074748399, "australian": 0.7280887413228534, "pakistani": -0.33181065903422957, "belgian": 0.43941306787058276, "juggler": 0.69156834792351, "bulgarian": -0.044681386445196924, "bosnian": 0.17661692145914554, "georgian": 0.2074964982490224, "musician": 0.743559096299105, "illusionist": 0.6934586249101735, "greenlandic": 0.49833966558915477, "meteorologist": 0.8246509825003681, "travel_agent": 0.5549141052494893, "russian": -0.4344187662622472, "thai": 0.8434367977800044, "yugoslav": -0.24546133108792945, "haitian": 0.2434363229165879, "moldovan": 0.2714844906423266, "ghanaian": 0.2809040283698778, "lebanese": -0.09971169230443544, "venezuelan": 0.02697944916500261, "politician": -0.323636351080808, "dominican": 0.25540408515200785, "iranian": -0.4417089570347841, "florist": 1.7585684525452636, "zimbabwean": 0.17330948177409744, "naval_officer": -0.23651089229436706, "croatian": 0.2847206997188707, "baker": 0.8124171631736092, "anthropologist": 0.33154523106014144, "physiotherapist": 0.8478675274570191, "irish": -0.1351970612385096, "performer": 0.6161548810594364, "cypriot": 0.4755228940069125, "danish": 0.8005467441651928, "peruvian": 0.29253913640418205, "philippine": 0.8721863648863462, "zambian": 0.6123206370721654, "sudanese": -0.3782356364317814, "comedian": 0.4719497406208375, "yemeni": -0.08491956758830277, "dietician": 0.7634020157370389, "stockbroker": 0.06593051627714996, "syrian": -0.40556292748751765, "swedish": 0.14998554040559697, "diplomat": -0.21615885609669983, "kuwaiti": -0.3614602608933173, "hungarian": 0.09831794414423678, "doctor": 0.5833061186495067, "sociologist": 0.2646566046199641, "veteran": -0.47917363077318154, "samoan": 0.782605461423632, "slovenian": 0.3788760303280403, "african_american": 0.38604935738559987, "butcher": 0.6943452787488922, "drummer": 0.792762892582829, "sri_lankan": 0.1517194745857482, "guatemalan": 0.12037459602198086, "rwandan": -0.17288743260647355, "mongolian": 0.6366227491922383, "korean": 0.3335725561504099, "pianist": 0.9848431069261427, "kenyan": -0.4508663410802807, "chemist": 0.9186484593632913, "satirist": 0.4489198193365158, "designer": 1.005955643336409, "austrian": 0.5206328559870437, "ukrainian": 0.4121974249152902, "cashier": 0.1545997194189498, "lithuanian": 0.5704155215723068, "israeli": -0.023985570367276, "south_african": 0.6033238621012507, "norwegian": 0.6661530819705515, "congressman": -0.24254623927863062, "qatari": -0.05462590797756817, "italian": 0.5026119568626506, "cuban": 0.0921816316322499, "priest": 0.4288806055593789, "professor": 0.7431386674852632, "tour_guide": 0.7560079072903195, "greek": 0.5510308187114125, "burmese": 0.312146949739742, "costa_rican": 0.7965079981731005, "swiss": 0.5809794476181405, "businessman": -0.05758647437277209}
