{"ambassador": 1.6290244377657932, "guitarist": 0.5732826907605036, "mexican": -0.050432090253926254, "chinese": 0.8645194238291717, "german": 1.1200203447731414, "rabbi": 1.5391694778041467, "belarusian": 0.5224903019870041, "macedonian": 0.2839425001447533, "manager": 2.2323756165642807, "scientist": 1.5335779389721358, "cambodian": 0.4158804217075711, "senegalese": -0.0893895760587965, "polish": 0.8631355961245996, "economist": 1.5802839653098704, "mozambican": 0.0349817779638254, "cameroonian": -0.08072226223415624, "prime_minister": 1.5598915649296559, "turkish": 0.35419398016776726, "romanian": 0.2957039762300787, "iraqi": 0.37829017340904636, "activist": 0.3416630148446599, "somali": 0.10500710892095866, "astronaut": 1.9591682312065917, "probation_officer": 1.3549596265784465, "movie_star": -0.19175678527631923, "argentine": -0.08661450652551228, "sniper": 0.8946568325456205, "merchant": 0.8612486937326097, "tennis_coach": 1.0144541759212085, "professional_dancer": 0.7371905362133498, "egyptian": 0.05383202751426708, "ceo": 1.417297736185706, "azerbaijani": 0.30270396610569683, "psychologist": 1.5222977346678728, "moroccan": -0.10313039268596425, "judge": 1.7347624800471446, "chiropractor": 1.3105139127919552, "art_dealer": 0.6546875785915115, "teller": 1.0986847299519367, "financial_analyst": 1.645854750536512, "algerian": -0.07349907063626604, "finnish": 0.9196404761999224, "defense_lawyer": 1.1938740515825739, "mathematician": 1.905035563866167, "malaysian": 0.32738351920653763, "weatherman": 0.2613137751979454, "angolan": 0.0921592094731648, "jordanian": 0.13531284397905163, "indonesian": 0.8897720448068517, "saudi": -0.17194537752103367, "serbian": 0.36392514825356226, "archaeologist": 1.460100279480447, "puerto_rican": -0.1238877018663106, "namibian": -0.20545295606183112, "portuguese": 0.9164080726587757, "attorney": 1.8706712169039486, "uruguayan": -0.03166891004801842, "czech": 0.7825412468634555, "nepalese": 0.16823065847751473, "taiwanese": 0.7634188052141001, "japanese": 0.7324543911299988, "nigerian": -0.21267216765637376, "lawyer": 1.851775520637787, "interpreter": 1.0453537899125136, "honduran": 0.6309213078200183, "nicaraguan": 0.04547358200139573, "football_coach": 1.959744564581345, "estonian": 0.7845268426756364, "dry_cleaner": 0.6643600564807502, "singapore": 1.236088929496513, "north_korean": 0.45891016372061944, "luxembourg": 1.3058620657516782, "violinist": 1.218473371977269, "grocer": 0.7000785252152691, "indian": 0.6850728871289478, "investment_banker": 1.4204492573152843, "dutch": 0.7976830861745147, "jamaican": -0.36319425463897914, "colombian": 0.06280600977493223, "juror": 1.3668268830026684, "private_investigator": 0.9890849811615606, "saudi_arabian": -0.12764062951692978, "statistician": 1.9968501397459413, "new_zealand": 1.2035993494475805, "physicist": 1.7969255862097557, "french": 0.8338203996502399, "surfer": -0.04302672417343667, "lieutenant": 1.3320675366368078, "bolivian": 0.301243055690658, "icelandic": 0.4167509546304211, "armenian": 0.512226415215289, "paraguayan": -0.16257692409241764, "ugandan": 0.02528588333679127, "cyclist": 0.8655954578739428, "chilean": 0.13834364281307432, "comptroller": 1.560476749408835, "canadian": 0.8352264895579847, "albanian": 0.2785076884313674, "vietnamese": 0.5533966613622225, "british": 0.6727837394657435, "drug_dealer": -0.12881884213085326, "american": 0.4869224722383825, "banker": 1.5345764662596189, "latvian": 0.4845446369495341, "senator": 1.3035176016933412, "secretary": 1.3141430678784307, "rock_star": -0.3205139663475255, "libyan": -0.04547275424721631, "panamanian": 0.07699577624125331, "ethiopian": -0.03837312828925643, "spanish": 1.0810634379906778, "entrepreneur": 0.7532077050743299, "slovak": 0.700892763383406, "congolese": 0.07750198243230744, "cheerleader": 0.9990899382918511, "nutritionist": 1.5343194414643988, "south_korean": 1.1613808099616107, "entertainer": 0.13765353907117206, "afghan": 0.17531856430330583, "palestinian": 0.310930673365336, "recruiter": 2.1932591262694427, "bangladeshi": -0.1318947103064888, "runner": 1.0241957034056104, "accountant": 2.0259722233021407, "sergeant": 0.9760124879284738, "brazilian": 0.3765919185924683, "australian": 0.727524322615988, "pakistani": 0.38628496815366675, "belgian": 0.5914861903783891, "juggler": 0.18564486062413688, "bulgarian": 0.151280787601224, "bosnian": 0.43139477666216475, "georgian": 0.7367298878054159, "musician": 0.661667251774812, "illusionist": 0.06339760040694176, "greenlandic": 0.058009551504507484, "meteorologist": 1.3572690643644556, "travel_agent": 1.1530482701874938, "russian": 1.2288413833095402, "thai": 0.635963727130009, "yugoslav": -0.18815932006345493, "haitian": -0.13482614722924813, "moldovan": 0.23335100973510492, "ghanaian": 0.04838136895384404, "lebanese": 0.36569590963252685, "venezuelan": -0.08288711015424621, "politician": 0.5714247526053641, "dominican": 0.15141305026370133, "iranian": 0.04269240655615414, "florist": 1.0201996723427151, "zimbabwean": -0.20029198877999443, "naval_officer": 1.3040636948392121, "croatian": 0.30506687557362844, "baker": 1.1387048257973054, "anthropologist": 1.5603018111287246, "physiotherapist": 1.5997108667296307, "irish": 0.07018187830778233, "performer": 0.7661497251767496, "cypriot": 0.14199602591055227, "danish": 0.20490037531084104, "peruvian": 0.16783005891273195, "philippine": 0.4134807011863313, "zambian": 0.32928230010413684, "sudanese": -0.2960078346992915, "comedian": 0.01637370446297337, "yemeni": 0.13309530267322212, "dietician": 1.6799738603288743, "stockbroker": 1.609572531628682, "syrian": -0.06044256988278385, "swedish": 0.9449327166473814, "diplomat": 1.4639269819539922, "kuwaiti": 0.021944697772674493, "hungarian": 0.5436732947369141, "doctor": 1.9864219034974422, "sociologist": 1.4945539390080498, "veteran": 0.6175007862855707, "samoan": 0.5894010472277958, "slovenian": 0.4298965965170317, "african_american": -0.02063252625810097, "butcher": 0.5499066817366006, "drummer": 0.7760053962163812, "sri_lankan": 0.11158236108494723, "guatemalan": -0.029035153918295475, "rwandan": -0.27663710730413993, "mongolian": 0.2551959762564626, "korean": 0.7508791105414524, "pianist": 1.052904454215191, "kenyan": 0.23089816986107015, "chemist": 1.9755428451634822, "satirist": 0.16477199806481846, "designer": 0.6929670127468209, "austrian": 0.846067700775344, "ukrainian": 0.738396224465907, "cashier": 1.2377986929609843, "lithuanian": 0.7968092782047784, "israeli": 0.84149657728793, "south_african": 0.374882009086395, "norwegian": 0.6545530202610321, "congressman": 1.0944340765248235, "qatari": 0.02288022114680688, "italian": 0.6698639753744159, "cuban": -0.41919735037016637, "priest": 1.4000587889617848, "professor": 2.3061435281997764, "tour_guide": 1.250544155287412, "greek": 0.9813056949672364, "burmese": 0.1962931291229345, "costa_rican": 0.5481481521319048, "swiss": 0.725784456365671, "businessman": 1.1903678053930338}
