{"ambassador": -0.6837382793236377, "guitarist": 0.5221224596406435, "mexican": 0.6279264996522869, "chinese": -0.41854523047196207, "german": -0.014911346532291148, "rabbi": 0.1581840142277307, "belarusian": 0.2630482857379895, "macedonian": -0.42489379663992083, "manager": 0.8902408963342958, "scientist": 0.29701632089719904, "cambodian": -0.4469554644044044, "senegalese": -0.09620048769762296, "polish": 0.06410326401744976, "economist": -0.15057849158820485, "mozambican": -0.4471103445940902, "cameroonian": -0.8550671782656429, "prime_minister": 0.2186073828037654, "turkish": -0.7992435207980313, "romanian": 0.16095350167357553, "iraqi": -0.8601846118396759, "activist": 1.0229248789934993, "somali": -0.17454444269346653, "astronaut": 0.7897316403993753, "probation_officer": -0.05615679611905716, "movie_star": 2.1817072220210094, "argentine": 0.13684928670150392, "sniper": -1.2064975779423122, "merchant": -0.04258464307911386, "tennis_coach": 0.5139614810712623, "professional_dancer": 1.198443532128514, "egyptian": 0.34154471029325767, "ceo": 0.2850440499894041, "azerbaijani": -0.2852033226253898, "psychologist": -0.17773824330084648, "moroccan": -0.11013072313477118, "judge": 0.45094726676223856, "chiropractor": -0.2083918169505849, "art_dealer": 0.538292970647505, "teller": 0.5669665896003198, "financial_analyst": 0.39993901314901353, "algerian": -0.4732985383834338, "finnish": 0.6371340691546921, "defense_lawyer": -0.10703092821720145, "mathematician": -0.1320649657381165, "malaysian": -0.36521723842358317, "weatherman": -0.15174913122955286, "angolan": 0.04934640515891814, "jordanian": -0.03592319548400952, "indonesian": -0.5465564279058059, "saudi": -0.6419024843977912, "serbian": -0.526610285533178, "archaeologist": 0.3520041871501845, "puerto_rican": 1.3459147086321182, "namibian": -0.08235614872840341, "portuguese": -0.05370900654802718, "attorney": 0.5855514016141685, "uruguayan": -0.5201222533388543, "czech": 0.21385637648998596, "nepalese": -0.01229950135431207, "taiwanese": 0.21099549941568913, "japanese": -0.22074127928208725, "nigerian": -0.14972391789454126, "lawyer": 0.7897842626331315, "interpreter": 0.07827706093229675, "honduran": 0.00561537670461415, "nicaraguan": -0.1692940690696491, "football_coach": 1.246500793348461, "estonian": 0.38895414318318206, "dry_cleaner": -0.34682474220244036, "singapore": -0.9473481577884697, "north_korean": -0.5920835689679158, "luxembourg": -0.29267207869246564, "violinist": 1.1397775784218027, "grocer": -0.7630797990641704, "indian": -0.24748846633778515, "investment_banker": 0.3384484357257132, "dutch": 0.1173081801482268, "jamaican": 0.8087181586285273, "colombian": 0.4833741301768895, "juror": 0.33383225653150933, "private_investigator": 0.04940193396908238, "saudi_arabian": -0.47128283705476787, "statistician": 0.0847735313272458, "new_zealand": 0.2632588305708879, "physicist": -0.1380515231987542, "french": -0.035808431484090686, "surfer": 1.2494483139760828, "lieutenant": -0.7605043860285077, "bolivian": 0.01816194928617182, "icelandic": 0.5166002175185012, "armenian": 0.38394812816861396, "paraguayan": -0.020544521652353154, "ugandan": -0.555900921029117, "cyclist": 0.0058950738909156475, "chilean": -0.07055501791194291, "comptroller": -0.33952148326086123, "canadian": 0.4215494756869423, "albanian": -0.391531981443103, "vietnamese": 0.302917045783141, "british": -0.20014673200431082, "drug_dealer": -0.2844557206584503, "american": 0.0025854680931532426, "banker": 0.1442610399198821, "latvian": 0.3633945548158482, "senator": 1.0076001762927318, "secretary": 0.16102786588095502, "rock_star": 2.0983108593441293, "libyan": -0.27971627553308237, "panamanian": -0.21019000855934838, "ethiopian": -0.6678794153561187, "spanish": 0.768622970507755, "entrepreneur": 1.1930689845232003, "slovak": -0.28800073769370166, "congolese": -0.26957915714600017, "cheerleader": 1.8092716082854612, "nutritionist": -0.21632159038889193, "south_korean": -0.8515555892915427, "entertainer": 1.4986993187068764, "afghan": -0.9558319543100937, "palestinian": -0.1647675113815958, "recruiter": 0.6176840162577106, "bangladeshi": 0.15053654153039214, "runner": 1.1784550792403377, "accountant": 0.3893191462488688, "sergeant": -0.14377614179257997, "brazilian": 0.3081749057312438, "australian": -0.3960649929044448, "pakistani": -0.34218837117453543, "belgian": -0.14805719260431544, "juggler": 0.13295405398283872, "bulgarian": -0.12269304493725092, "bosnian": -0.4775591523670976, "georgian": 0.33618783676575187, "musician": 1.5521624613971643, "illusionist": 0.4391400933320953, "greenlandic": -0.5946457123217648, "meteorologist": 0.33112309293940206, "travel_agent": 1.0254644943921012, "russian": 0.16997512657787378, "thai": -0.05612504172314753, "yugoslav": -0.405796901013389, "haitian": 0.7069304129268292, "moldovan": -0.1867392626677728, "ghanaian": 0.14307776486961227, "lebanese": 0.15124792982451513, "venezuelan": 0.34926313891430133, "politician": -0.1986693130263874, "dominican": 0.7678613902242681, "iranian": 0.18655427671662467, "florist": 0.4677563615339156, "zimbabwean": -0.1941976528218567, "naval_officer": 0.08647666023045303, "croatian": -0.33930366303500187, "baker": -0.4372712299723955, "anthropologist": 0.13346583864486866, "physiotherapist": 0.6113255650791525, "irish": 0.9502106785426412, "performer": 1.3638162506467417, "cypriot": 0.0007831025136273984, "danish": 0.08109641574551346, "peruvian": 0.2085467663053973, "philippine": 0.16094627979881687, "zambian": -0.6836608124425492, "sudanese": -0.2801116494362181, "comedian": 1.6325878472236532, "yemeni": -0.15647173284022625, "dietician": -0.2010588935265491, "stockbroker": 0.0896920413989018, "syrian": -0.2426069490647202, "swedish": 0.5410441953065825, "diplomat": 0.17605897051012792, "kuwaiti": -0.48070207998313846, "hungarian": 0.13386689743765273, "doctor": 0.35479474699152763, "sociologist": 0.3243749218762145, "veteran": 1.4473712856965932, "samoan": 0.27340555456985377, "slovenian": -0.40377467094000136, "african_american": 1.0751028450297666, "butcher": -0.7009267455270078, "drummer": 0.9247741710446908, "sri_lankan": -0.027398969709665433, "guatemalan": 0.10042367949709946, "rwandan": -0.4106544171914989, "mongolian": -0.2340174155478027, "korean": 0.1816521808588843, "pianist": 0.9028521192087491, "kenyan": -0.29101519674573034, "chemist": -0.8929164705706609, "satirist": 0.6136781156271252, "designer": 0.05246691383792906, "austrian": 0.09870148384342442, "ukrainian": 0.342524097665532, "cashier": 0.4251421639933633, "lithuanian": 0.47558208872426305, "israeli": 0.15526599345184683, "south_african": 0.28452942937435105, "norwegian": 0.5257259832261127, "congressman": 1.401508333273821, "qatari": -1.0083402783748252, "italian": 0.618712079777133, "cuban": 0.8789462184658359, "priest": -0.2402063653651651, "professor": 0.019661898523435195, "tour_guide": 1.6095674697596671, "greek": 0.05701668851762093, "burmese": -0.08114350620115357, "costa_rican": -0.1596801211249967, "swiss": -0.35086596933246045, "businessman": 0.5453630702899608}
